{
  "health": 72.86019999999995,
  "fault": 0,
  "fault_prob": 0.23333333333333334,
  "anom_flag": 1,
  "risk": 40.61721333333336,
  "risk_level": "MEDIUM",
  "timestamp": "2025-11-22 10:24:44"
}